categorie,texte,medicament1,medicament2,astuce
aretin-doha,Marary ny lohako indrindra rehefa maraina vao mifoha,Parac�tamol 500 mg : 3x/andro (maraina-midi-hariva) mandritra ny 5 andro,Ibuprof�ne 400 mg : 2x/andro (maraina-hariva) mandritra ny 5 andro,Misotroa rano betsaka ary matory ampy 7-8 ora isan'alina
aretin-doha,Misy fanerena mafy eo amin'ny handrina sy ny tendron-doha ka tsy mahita tsara ny maso,Aspirine 500 mg : 2x/andro (maraina-hariva) mandritra ny 3 andro,Parac�tamol 1000 mg : 2x/andro (maraina-hariva),Aza mijery efijery ela loatra ary mial� sasatra isaky ny 30 minitra
aretin-doha,Miverimberina ny aretin-doha isan-kerinandro mandritra ny volana maro tsy misy fiatoana,Amitriptyline : 1x/andro (hariva) mandritra ny 3 volana,Topiramate : 2x/andro (maraina-hariva) mandritra ny 3 volana,Tandremo ny sakafo ataonao ary soraty izay mahatonga ny aretin-doha miverimberina
aretin-doha,Miharatsy ny aretin-doha rehefa mijoro na mihetsika fa mihatsara rehefa mipetraka na mandry,Nadolol : 1x/andro (maraina) tsy tapaka,Propranolol : 1x/andro (maraina) tsy tapaka,Mial� sasatra amin'ny toerana mangina sy maizina ary aza manao asa mavesatra
aretin-doha,Misy toerana mipoitra eo amin'ny loha toy ny misy fantsika manindry manindry,Sumatriptan : raha misy fanafihana,Naprox�ne : 2x/andro (maraina-hariva),Aza miandry ela raha mahatsapa ny soritr'aretina voalohany
aretin-doha,Marary ny tapany ankavanan'ny loha miaraka amin'ny fivalozana sy ny fahatsapana ho marary maso,Sumatriptan : 1x/andro raha ilaina,Parac�tamol : 3x/andro,Matory amin'ny efitra maizina sy mangina ary asio ranomandry eo amin'ny handrina
aretin-doha,Toy ny misy fehikibo manery ny loha manodidina ny handrina ka maharary mandritra ny ora maromaro,Ibuprof�ne : 2x/andro (maraina-hariva),Caf�ine : indraindray,Misotroa kafe kely raha tsy misy fanoherana ary manao fanorana malefaka eo amin'ny tendany
aretin-doha,Mavesatra ny lohako aorian'ny fijerena solosaina na finday na tele mandritra ny ora maro,Parac�tamol : 2x/andro (maraina-hariva),Ibuprof�ne : 2x/andro (maraina-hariva),Manitsy ny fipetrahan'ny maso amin'ny efijery ary mampiasa solomaso manara-maso
aretin-doha,Marary loha vokatry ny tsy fahampian-tory nandritra ny alina maro,Parac�tamol : 3x/andro (maraina-midi-hariva),Caf�ine : indray mandeha maraina,Matory aloha ary manao torimaso maharitra 7-8 ora
aretin-doha,Mararya ny lohako sy ny tendako miaraka amin'ny tazo kely,Parac�tamol : 3x/andro (maraina-midi-hariva) mandritra ny 3 andro,Ibuprof�ne : 2x/andro (maraina-hariva),Misotroa rano mafana misy voasarimakirana sy tantely
areti-maso,Mena sy mamontsina ny masoko ary misy ranomaso be tsy mitsahatra,Collyre antibiotique : 4x/andro (maraina-midi-hariva-alina) mandritra ny 7 andro,Larmes artificielles : 2x/andro (maraina-hariva) mandritra ny 15 andro,Tazomy madio ny tananao ary aza mikasika ny maso raha tsy vita sasana tanana
areti-maso,Mangidihidy mafy ny masoko ka tsy mahazaka ny hazavana mamirapiratra,Antihistaminique collyre : 2x/andro (maraina-hariva) mandritra ny 5 andro,Cortisone collyre : 1x/andro (maraina) mandritra ny 3 andro,Mampias� solomaso masoandro rehefa mivoaka ary aza mijery hazavana mamirapiratra mivantana
areti-maso,Maizina ny masoko ary tsy mahita mazava tsara rehefa manombokaka ny hariva na ao anaty maizina,Vitamine A : 1x/andro (maraina) mandritra ny 1 volana,Larmes artificielles matavy : 3x/andro (maraina-midi-hariva),Mihin� sakafo manankarena vitamina A toy ny karaoty na ovy mamy ary tongolo,
areti-maso,Misy toerana manjelanjelatra eo anoloan'ny masoko toy ny jiro mipipy tsy mitsahatra,Fanaraha-maso dokotera haingana,Indray misy fitsaboana manokana,Mandeha any amin'ny dokotera haingana satria mety ho olana amin'ny voambolan'ny maso izany
areti-maso,Mivonto ny hodimaso ambany sy ambony ka tsy afaka manokatra tsara ny maso,Antihistaminique oral : 1x/andro (hariva),Collyre vasoconstricteur : 2x/andro,Aza mikasika ny maso ary asio dite mangatsiaka eo amin'ny hodimaso
areti-maso,Misy tavy mivoaka mavo eo amin'ny zoron'ny maso rehefa maraina,Collyre antibiotique : 3x/andro (maraina-midi-hariva) mandritra ny 5 andro,Fanadiovana maso : 2x/andro,Diova ny masonao amin'ny rano madio sy lamba madio isan-maraina
areti-maso,Maina loatra ny masoko ka toy ny misy vovoka ao anatiny na fasika,Larmes artificielles : isaky ny 2 ora mandritra ny andro,Ciclosporine collyre : 2x/andro,Mampias� humidificateur ao amin'ny efitra natoriana ary aza mipetraka eo amin'ny rivotra avy amin'ny ventilateur
areti-maso,Misy fery kely eo amin'ny hodimaso ka marary rehefa manopy maso,Collyre antibiotique : 4x/andro mandritra ny 5 andro,Cr�me antibiotique : 2x/andro (maraina-hariva),Aza mampiasa makiazy mandritra ny fitsaboana ary diova tsara ny tanana
areti-maso,Mangidihidy ny mason'ny zaza kely ka mitomany tsy mitsahatra,Collyre antihistaminique : 2x/andro mandritra ny 3 andro,Larmes artificielles : 3x/andro,Diova ny lambam-pandriana matetika ary fadio ny vovoka ao an-trano
areti-nify,Marary mafy ny nify iray indrindra rehefa misakafo mafana na mangatsiaka,Amoxicilline 1g : 2x/andro (maraina-hariva) mandritra ny 6 andro,Parac�tamol : 3x/andro (maraina-midi-hariva),Miborosy nify indroa isan'andro ary mampias� tsipika nify (fil dentaire)
areti-nify,Mivonto ny takolako satria ny nify lo ka miparitaka ny otrikaretina,M�tronidazole 500 mg : 3x/andro (maraina-midi-hariva) mandritra ny 7 andro,Ibuprof�ne 600 mg : 2x/andro (maraina-hariva),Mandehana any amin'ny dokotera nify farafahakeliny indray mandeha isan-taona
areti-nify,Nisy nify very ka misy lavaka ao amin'ny silaoda ka tsy afaka mihinana amin'izany lafiny izany,Clindamycine : 3x/andro (maraina-midi-hariva) mandritra ny 5 andro,Parac�tamol : raha ilaina,Mihinan-kanina malefaka ary mihinana amin'ny lafiny tsy marary
areti-nify,Misy fofona maimbo avy ao am-bava na dia vita nisasa nify aza,M�tronidazole : 2x/andro (maraina-hariva) mandritra ny 5 andro,Fanasa-bava antiseptika : 2x/andro,Miborosy ny lela sy ny silaoda ary mampias� fanasa-bava tsy misy alikaola
areti-nify,Misy nify mihetsiketsika ka marary rehefa mikitika azy,Amoxicilline : 2x/andro (maraina-hariva) mandritra ny 5 andro,Ibuprof�ne : raha ilaina,Aza mikitika na manetsika ny nify ary mandehana any amin'ny dokotera nify haingana
areti-nify,Marary ny nify rehefa misotro rano mangatsiaka na mafana,Sodium fluoride : 2x/andro (maraina-hariva),Parac�tamol : raha ilaina,Mampias� pasta nify manokana ho an'ny nify saro-pady
areti-nify,Nify fotsy loatra ka marary rehefa mihinana voankazo masirasira,Toothpaste ho an'ny nify saro-pady : 2x/andro (maraina-hariva),Vitamine D : 1x/andro (maraina),Aza mihinana voankazo masirasira be loatra ary miborosy nify rehefa afaka 30 minitra
areti-koditra,Mangidihidy ny hoditra manomboka amin'ny tanana ka hatrany amin'ny tongotra nefa tsy misy fivontosana,C�tirizine : 1x/andro (hariva) mandritra ny 10 andro,Cortisone cr�me : 2x/andro (maraina-hariva),Mandriova matetika ary mampias� savony malefaka tsy misy fofona
areti-koditra,Misy mena mena miparitaka er? amin'ny vatana toy ny voan'empoka sy mangidihidy,Prednisolone : 1x/andro (maraina) mandritra ny 5 andro,Antihistaminique : 1x/andro (hariva),Fadio ny sakafo mety mahatonga an'izany toy ny voanjo  atody na hazan-dranomasina,
areti-koditra,Misy tavy mivoaka avy eo amin'ny hoditra ka maharary rehefa mikasika azy ary maimbo,Mupirocine cr�me : 3x/andro (maraina-midi-hariva) mandritra ny 7 andro,Amoxicilline : 2x/andro (maraina-hariva) mandritra ny 5 andro,Tazomy madio ny hoditra ary aza mikasika ny fery raha tsy vita sasana tanana
areti-koditra,Maina sy mivaky ny hoditro indrindra amin'ny ririnina ka mandriaka ny r� raha vaky loatra,Hydrocortisone cr�me : 2x/andro (maraina-hariva) mandritra ny 7 andro,Cr�me hamandoana : 3x/andro (maraina-midi-hariva),Mampias� cr�me hamandoana isan'andro aorian'ny fandroana
areti-koditra,Misy vongan-javatra mafy eo ambanin'ny hoditra tsy marary nefa mihabetsaka,Acide salicylique : 1x/andro (hariva) mandritra ny 2 volana,R�tino�de cr�me : 1x/andro (hariva),Aza mamopaka ny vongan-javatra satria mety hiteraka holatra
areti-koditra,Misy toerana fotsy miparitaka amin'ny hoditra tsy mangidihidy nefa mihalehibe,Antifongique cr�me : 2x/andro (maraina-hariva) mandritra ny 4 herinandro,Cortisone cr�me : 1x/andro (maraina),Aoka ho maina ny hoditra ary aza mampiasa akanjo mando ela
areti-koditra,Mangidihidy ny hoditra eo amin'ny kitrokely sy ny tanana indrindra amin'ny alina,Perm�thrine cr�me : indray mandeha alohan'ny hatory,C�tirizine : 1x/andro (hariva),Diova ny lambam-pandriana amin'ny rano mafana ary tazomy madio ny trano
areti-koditra,Misy mena mena miendrika peratra eo amin'ny vatana ka mangidihidy,Antifongique cr�me : 2x/andro (maraina-hariva) mandritra ny 2 herinandro,Clotrimazole cr�me : 2x/andro (maraina-hariva),Aoka ho maina ny hoditra ary aza mampiasa akanjo tery sy mando
areti-koditra,Mivonto ny hoditra rehefa manaikitra moka na bibikely hafa,Antihistaminique oral : 1x/andro (hariva),Cortisone cr�me : 2x/andro (maraina-hariva),Mampias� moka rota rehefa matory ary asio savony manohitra moka
aretin-kibo,Mibotsina ny kiboko rehefa misento ary mahatsiaro ho voky nefa vao nihinana kely,Sim�thicone : 3x/andro (maraina-midi-hariva) mandritra ny 5 andro,Antispasmodique : 2x/andro (maraina-hariva),Mihin� moramora ary tsakoina tsara ny sakafo vao atelina
aretin-kibo,Marary eo amin'ny faritry ny kibo ambony ary mandevona rehefa avy nihinana indrindra sakafo matavy,Om�prazole 20 mg : 1x/andro (maraina) mandritra ny 4 herinandro,Ranitidine : 2x/andro (maraina-hariva),Aza mihinana sakafo matavy loatra na sakafo maranitra be
aretin-kibo,Marary ny kibo toy ny misy olona manindry mafy ao anatiny ka tsy mahazo aina,M�b�v�rine : 2x/andro (maraina-hariva) mandritra ny 2 volana,Phloroglucinol : 3x/andro (maraina-midi-hariva),Mampihena ny adin-tsaina ary manao fanatanjahan-tena maivana isan'andro
aretin-kibo,Mandoa sy mikoriana miaraka izany ka mety ho voan'ny gastro aorian'ny nisakafo ivelany,ORS : isaky ny mikoriana,Metoclopramide : 3x/andro (maraina-midi-hariva) alohan'ny sakafo,Misotroa rano madio ary manasa tanana alohan'ny hihinana
aretin-kibo,Misy fery ao an-kibo ka marary rehefa mosarena na mihinana sakafo maranitra,Om�prazole : 1x/andro (maraina) mandritra ny 6 herinandro,Antiacide : raha ilaina,Mihin� sakafo kely matetika ary aza mihinana sakafo maranitra na asidra be
aretin-kibo,Mahatsiaro ho marenina sy mivonto ny kibo aorian'ny fisakafoana be rano na gasy,Sim�thicone : 3x/andro (maraina-midi-hariva) mandritra ny 3 andro,Probiotika : 1x/andro (maraina),Aza misotro rano be loatra rehefa mihinana ary aza mihinana voanjo na tsaramaso be loatra
aretin-kibo,Marary ny kibo ambany indrindra rehefa mivay na mivalana,Antispasmodique : 2x/andro (maraina-hariva) mandritra ny 3 andro,Parac�tamol : raha ilaina,Misotroa rano betsaka ary aza mifehy ny fivay rehefa mahatsapa
aretin-kibo,Misy fivontosana eo amin'ny kibo ka mafy ny vatany rehefa mikasika,Fanaraha-maso dokotera haingana,Fanafody manokana aorian'ny fitsapana,Mandeha any amin'ny dokotera haingana satria mety ho olana lehibe izany
aretin-kibo,Mahatsiaro ho marary ny kibo aorian'ny fisotroana ronono na vokatra vita amin'ny ronono,Lactase : alohan'ny hisakafo ronono,Probiotika : 1x/andro (maraina),Mihin� ronono tsy misy lactose na mampiasa lactase alohan'ny hisotroana ronono
aretin-kibo,Mandoa sy mivalana aorian'ny fisakafoana any amin'ny toerana tsy madio,ORS : isaky ny mikoriana,Probiotika : 2x/andro (maraina-hariva) mandritra ny 5 andro,Mahandro tsara ny sakafo ary misafidy toerana madio hisakafoana
aretim-po,Mikitokitoka tsy milamina ny gadon'ny foko ka tsy mahazo aina indrindra rehefa mitohy ny asa,B�ta-bl�kanina : 1x/andro (maraina) isan'andro tsy tapaka,Amiodarone : 1x/andro (hariva) araka ny torohevitry ny dokotera,Mampihena ny kafeinina sy ny alikaola ary manao fanatanjahan-tena maivana isan'andro
aretim-po,Sempotra rehefa mandeha lavitra kely na miakatra tohatra ka mila mijanona matetika mba hiala sasatra,Inhibiteur ACE : 1x/andro (maraina) isan'andro tsy tapaka,Furos�mide : 1x/andro (maraina) raha misy rano mitazona,Miala sasatra tsara ary aza manao asa mavesatra be loatra raha tsy nahazo alalana avy amin'ny dokotera
aretim-po,Mivonto ny tongotro sy ny kitrokely ary misy rano mitazona ao amin'ny vatana manomboka amin'ny tongotra,Spironolactone : 1x/andro (maraina) isan'andro tsy tapaka,Furos�mide 40 mg : 1x/andro (maraina),Manandratra ny tongotra rehefa mipetraka ary mampihena ny sira amin'ny sakafo
aretim-po,Tsy mahatsiaro ho milamina ny tratrako fa toy ny misy mavesatra mipetraka eo amboniny ka mahasempotra,Trinitrine sublinguale : raha ilaina (amin'ny fanafihana),Aspirine : 1x/andro (hariva) isan'andro tsy tapaka,Miala sasatra avy hatrany raha mahatsapa ary mitondra fanafody manokana ho an'ny fanafihana
aretim-po,Matory tsy mahazo aina noho ny sempotra ka tsy maintsy mipetraka vao afaka miaina,Furos�mide : 1x/andro (maraina),Digoxine : 1x/andro (maraina),Matory amin'ny toerana misy ondana roa mba hahatonga ny loha ho avo kokoa
aretim-po,Marary ny tratra rehefa mihetsika fa mihatsara rehefa miala sasatra,Trinitrine : raha ilaina,Aspirine : 1x/andro (hariva),Mampias� fanafody araka ny torohevitry ny dokotera ary aza manao asa mavesatra
aretim-po,Mangorakoraka ny sofiko miaraka amin'ny sempotra sy ny fahatsapana ho very hevitra,Fanaraha-maso dokotera haingana,Fanafody manokana aorian'ny fitsapana,Mandeha any amin'ny toeram-pahasalamana haingana satria mety ho famantarana ny aretim-po
aretim-po,Misy fahatsapana ho toy ny misy antsantsa manindry ny tratra mandritra ny segondra vitsivitsy,Trinitrine : raha ilaina,Aspirine : 1x/andro (hariva),Aza miandry ela raha miverimberina ny soritr'aretina ka mandehana any amin'ny dokotera
aretin'aty,Maintina ny hoditro sy ny masony ka miloko mavo toy ny voasary fa tsy mampidi-doza,H�patoprotecteur : 2x/andro (maraina-hariva) mandritra ny 3 volana,Antiviral (t�nofovir) : 1x/andro (maraina) mandritra ny 6 volana farafahakeliny,Aza misotro toaka ary mihin� sakafo madio tsara otrikaina
aretin'aty,Mangidihidy ny hoditro nefa tsy misy areti-koditra na mena mena na vongan-javatra,Ursodiol : 2x/andro (maraina-hariva) mandritra ny 3 volana,Vitamine K : 1x/andro (maraina),Mihin� sakafo malefaka ary aza mihinana sakafo matavy be loatra
aretin'aty,Mihamavo ny masony ary miloko mavo ny hodiny ka tsy mitsaha-mihamainty miaraka amin'ny havizanana,Fanaraha-maso dokotera haingana,Fanafody manokana aorian'ny fitsapana,Mandeha any amin'ny dokotera haingana ary manao fitiliana ra
aretin'aty,Misy rano mitazona ao amin'ny kibo ka mivonto toy ny bevohoka,Spironolactone : 1x/andro (maraina),Furos�mide : 1x/andro (maraina),Mampihena ny sira ary misotroa rano araka ny torohevitry ny dokotera
aretin'aty,Mangirifirifa eo amin'ny faritry ny aty (ankavanana ambony) rehefa misakafo matavy,Fanaraha-maso dokotera,H�patoprotecteur : 2x/andro (maraina-hariva),Mihin� sakafo tsy misy tavy be ary manao fitiliana isan-taona
aretin'aty,Misy tazo kely sy reraka mandritra ny herinandro maro,Fanaraha-maso dokotera,Antiviral : raha ilaina,Miala sasatra tsara ary mihin� sakafo manankarena otrikaina
aretin'aty,Misy fery eo amin'ny hoditra tsy sitrana haingana miaraka amin'ny maintin'ny masony,Fanaraha-maso dokotera haingana,Fanafody manokana aorian'ny fitsapana,Aza mampiasa zava-mahadomelina na toaka ary manao fitsaboana araka ny torohevitry ny dokotera
aretin'aty,Very lanja nefa tsy misy antony ary mangirifirifa ny aty,Fanaraha-maso dokotera,Fanafody manokana,Mihin� sakafo betsaka proteinina ary manao fitiliana ra isam-bolana
aretin-tsinay,Mikoriana tsy miato toy ny rano mandritra ny telo andro ka ritra rano ny vatana sy malemy,ORS : isaky ny mikoriana,Lop�ramide : 2x/andro (maraina-hariva) mandritra ny 2 andro,Misotroa rano madio afangaro siramamy sy sira (ORS) isaky ny mikoriana
aretin-tsinay,Mivalana mafy miaraka amin'ny ra na moka ao anatiny ka marary kibo mafy tsy mahitsy,Consultation dokotera haingana,Antibiotika : 2x/andro (maraina-hariva) mandritra ny 7 andro,Mandehana any amin'ny toeram-pahasalamana haingana satria mety ho aretina mafy izany
aretin-tsinay,Misy fivontosana eo amin'ny vavony toy ny misy zavatra mivoaka rehefa mikoriana na mivalana,Probiotika : 2x/andro (maraina-hariva) mandritra ny 1 volana,Antispasmodique : raha ilaina,Mihin� yaourt na sakafo misy probiotika isan'andro mba hanamafy ny tsinay
aretin-tsinay,Mivalana isaky ny misakafo na avy nisakafo vao kely ka tsy mahazaka sakafo maro karazana,Lop�ramide : 1x/andro (maraina) mandritra ny 5 andro,ORS : raha ilaina,Tandremo izay sakafo mahatonga ny fivalanana ary fadio izany
aretin-tsinay,Mivalana vokatry ny fanafody antibiotika nisotro vao tsy ela,Probiotika : 2x/andro (maraina-hariva) mandritra ny 2 herinandro,ORS : raha ilaina,Misotroa probiotika mandritra ny fitsaboana antibiotika sy aorian'izay
aretin-tsinay,Mivalana sy mangirifirifa ny kibo aorian'ny fisotroana ronono na vokatra vita amin'ny ronono,Lactase : alohan'ny hisakafo ronono,ORS : raha ilaina,Mihin� ronono tsy misy lactose na mampiasa lactase alohan'ny hisotroana ronono
aretin-tsinay,Mikoriana miaraka amin'ny tazo sy ny marary vatana,Parac�tamol : 3x/andro (maraina-midi-hariva) mandritra ny 3 andro,ORS : isaky ny mikoriana,Misotroa rano betsaka ary miala sasatra
aretin-tsinay,Mivalana maharitra mihoatra ny 2 herinandro ka tsy sitrana,Fanaraha-maso dokotera,Fanafody manokana aorian'ny fitsapana,Manao fitiliana ny tsinay mba hahitana ny antony marina
aretin-tsinay,Misy fery eo amin'ny vavony aorian'ny fivalanana maharitra,Antiacide : 2x/andro (maraina-hariva) mandritra ny 5 andro,Probiotika : 1x/andro (maraina),Mihin� sakafo malefaka toy ny vary fotsy sy akoho tsy misy tavy
aretin-tratra,Mangirifirifa ny tratrako rehefa miaina lalina ka maharary mafy ary misy kohaka maina,Amoxicilline 1g : 2x/andro (maraina-hariva) mandritra ny 7 andro,Parac�tamol : raha misy tazo,Miala sasatra ary aza mifoka sigara na mifoka rivotra maloto
aretin-tratra,Mikohaka misy ranona maitso na mavo ary sempotra kely rehefa miasa mafy,Azithromycine : 1x/andro (maraina) mandritra ny 3 andro,Salbutamol inhaler : 2x/andro (maraina-hariva),Misotroa rano mafana betsaka ary mampiasa sirop kohaka raha ilaina
aretin-tratra,Mangirifirifa ny tratrako rehefa mikohaka nefa tsy misy tazo na ranona fa maina fotsiny,Dextrom�thorphane sirop : 3x/andro (maraina-midi-hariva) mandritra ny 5 andro,Bromhexine : 2x/andro (maraina-hariva),Misotroa ranon-tanana mafana misy tantely sy voasarimakirana
aretin-tratra,Misy fery ao an-tratra toy ny may asidra miakatra hatrany amin'ny tenda aorian'ny sakafo,Om�prazole : 1x/andro (maraina) mandritra ny 2 herinandro,Antiacide : raha ilaina,Aza mihinana sakafo matavy na maranitra ary aza mandry avy hatrany aorian'ny sakafo
aretin-tratra,Mikohaka misy ra kely nefa tsy marary tratra,Fanaraha-maso dokotera haingana,Fanafody manokana aorian'ny fitsapana,Mandeha any amin'ny dokotera haingana satria mety ho olana amin'ny havokavoka izany
aretin-tratra,Sempotra rehefa mandry ka tsy maintsy mipetraka vao afaka miaina,Furos�mide : 1x/andro (maraina),Salbutamol inhaler : raha ilaina,Matory amin'ny toerana misy ondana roa na telo mba hahatonga ny loha ho avo
aretin-tratra,Misy feo mitsioka rehefa miaina indrindra rehefa mihetsika,Salbutamol inhaler : 2x/andro (maraina-hariva) mandritra ny 5 andro,Cortico�de inhaler : 1x/andro (hariva),Fadio ny vovoka sy ny zavatra mety mahatonga ny allergy
aretin-tratra,Mangirifirifa ny tratra rehefa mihomehy na mikohaka mafy,Diclof�nac : 2x/andro (maraina-hariva) mandritra ny 3 andro,Parac�tamol : raha ilaina,Miala sasatra ary aza manao hetsika tampoka
aretin-tratra,Mikohaka maina mandritra ny herinandro maro ka tsy sitrana,Fanaraha-maso dokotera,Fanafody manokana aorian'ny fitsapana,Manao fitiliana raha misy allergy na asthma
aretin-tongotra,Mangirifirifa ny lohaliko sy ny tongotro indrindra rehefa mandeha na mitsangana ela,Diclof�nac : 2x/andro (maraina-hariva) mandritra ny 5 andro,Parac�tamol : raha ilaina,Mampihena lanja raha be loatra ary manao fanatanjahan-tena maivana toy ny milomano
aretin-tongotra,Mivonto ny kitrokely ka tsy afaka mandeha tsara na manao kiraro satria mihamafy ny fivontosana,Cortisone : 1x/andro (maraina) mandritra ny 5 andro,Ibuprof�ne gel : 3x/andro (maraina-midi-hariva),Asio ranomandry eo amin'ny kitrokely mandritra ny 15 minitra isaky ny 2 ora
aretin-tongotra,Misy fery eo amin'ny tongotra fa tsy sitrana haingana na dia efa ela aza ka mety ho diabeta,Betadine : 2x/andro (maraina-hariva) mandritra ny 7 andro,Antibiotika cr�me : 3x/andro (maraina-midi-hariva),Tazomy madio ny tongotra ary jereo matetika raha misy fiovana
aretin-tongotra,Mikitroka ny tongotra indrindra amin'ny alina ka tsy mahita tory,Quinine : 1x/andro (hariva) mandritra ny 7 andro,Magn�sium : 1x/andro (hariva),Maninjitra ny tongotra alohan'ny hatory ary misotroa rano betsaka
aretin-tongotra,Mangirifirifa ny tongotra manomboka amin'ny andilany ka hatrany amin'ny lohalika,Diclof�nac : 2x/andro (maraina-hariva) mandritra ny 7 andro,Gabapentine : 1x/andro (hariva),Manao faninjiana malefaka isan'andro ary aza mipetraka ela
aretin-tongotra,Misy fivontosana mena eo amin'ny rantsan-tongotra ka marary rehefa mikasika,Antifongique cr�me : 2x/andro (maraina-hariva) mandritra ny 2 herinandro,Clotrimazole cr�me : 2x/andro (maraina-hariva),Aoka ho maina ny eo anelanelan'ny rantsan-tongotra ary mampiasa kalsioma vovoka
aretin-tongotra,Marary ny voditongotra rehefa mitsangana maraina vao mifoha,Diclof�nac : 2x/andro (maraina-hariva) mandritra ny 5 andro,Ibuprof�ne : raha ilaina,Maninjitra ny tongotra alohan'ny hitsangana ary mampiasa kiraro malefaka
aretin-tongotra,Misy fery eo amin'ny tongotra vokatry ny kiraro tery,Betadine : 2x/andro (maraina-hariva) mandritra ny 5 andro,Cr�me antibiotique : 2x/andro,Mampiasa kiraro malalaka sy mifanaraka amin'ny tongotra
aretin-tongotra,Mangirifirifa ny tongotra aorian'ny fandehanana lavitra,Diclof�nac gel : 3x/andro (maraina-midi-hariva) mandritra ny 3 andro,Parac�tamol : raha ilaina,Miala sasatra ary manandratra ny tongotra rehefa mipetraka
aretin-tanana,Marary ny tanako indrindra rehefa manoratra na misambotra zavatra ka mangovitra,Diclof�nac gel : 3x/andro (maraina-midi-hariva) mandritra ny 7 andro,Parac�tamol : 2x/andro (maraina-hariva),Miala sasatra matetika ary aza mampiasa tanana loatra amin'ny asa mavesatra
aretin-tanana,Mangovitra tsy voafehy ny tanako ka tsy mahazaka zavatra mavesatra na kely aza ary miharatsy rehefa mitebiteby,Vitamine B12 : 1x/andro (maraina) mandritra ny 1 volana,Physioth�rapie : isan'andro,Manao fanatanjahan-tena ho an'ny tanana toy ny famoretana baolina kely
aretin-tanana,Misy fivontosana eo amin'ny hato-tanana ka marary rehefa manetsika azy,Cortisone injection : indray mandeha,Diclof�nac : 2x/andro (maraina-hariva),Aza mampiasa tanana loatra ary asio ranomandry eo amin'ny toerana mivonto
aretin-tanana,Mangirifirifa ny rantsan-tanana indrindra rehefa mangatsiaka ny andro,Nif�dipine : 1x/andro (maraina) mandritra ny 2 herinandro,Amlodipine : 1x/andro (maraina),Manafana ny tanana amin'ny rano mafana ary mampiasa fonon-tanana rehefa mangatsiaka
aretin-tanana,Misy fery kely eo amin'ny tanana tsy sitrana haingana,Betadine : 2x/andro (maraina-hariva) mandritra ny 5 andro,Cr�me antibiotique : 2x/andro,Tazomy madio ny tanana ary asio fefy mba tsy ho voadona
aretin-tanana,Mahatsiaro ho malemy ny tanana ka tsy mahazaka zavatra,Physioth�rapie : isan'andro,Vitamine D : 1x/andro (maraina),Manao fanatanjahan-tena fanamafisana ny hozatry ny tanana
aretin-tanana,Misy fahatsapana ho toy ny misy antsantsa manindry ny tanana manomboka amin'ny hato-tanana mankany amin'ny rantsan-tanana,Gabapentine : 1x/andro (hariva) mandritra ny 1 volana,Carbamaz�pine : 2x/andro (maraina-hariva),Miala sasatra ary aza mampiasa tanana amin'ny asa miverimberina
aretin-tsakafo,Mandoa rehefa avy nihinana na mbola misakafo aza ka mahatsiaro ho voky loatra sy marenina,M�toclopramide : 3x/andro (maraina-midi-hariva) alohan'ny sakafo,Om�prazole : 1x/andro (maraina),Zarao ho sakafo kely maromaro ny sakafonao fa tsy mihinana be indray mipetaka
aretin-tsakafo,Tsy mahazaka sakafo matavy ka mandoa asidra na misento ary marary kibo ambony,Domp�ridone : 3x/andro (maraina-midi-hariva) alohan'ny sakafo,Antiacide : raha ilaina,Fadio ny sakafo matavy sy nendasina ary mihinana sakafo manta betsaka
aretin-tsakafo,Mikoriana sy mandoa aorian'ny fisakafoana any ivelany indrindra amin'ny toerana tsy madio ka mety ho voan'ny sakafo lany,ORS : isaky ny mikoriana,Probiotika : 2x/andro (maraina-hariva) mandritra ny 5 andro,Mahandro tsara ny sakafo ary misafidy toerana madio hisakafoana
aretin-tsakafo,Mandoa vokatry ny adin-tsaina na tebiteby be dia be,Ondans�tron : raha ilaina,Diaz�pam : 1x/andro (hariva) raha ilaina,Mampihena ny adin-tsaina amin'ny alalan'ny fanaovana yoga na fandinihana lalina
aretin-tsakafo,Mahatsiaro ho voky nefa vao nihinana kely ary mandoa,M�toclopramide : 3x/andro (maraina-midi-hariva) alohan'ny sakafo,Om�prazole : 1x/andro (maraina),Mihin� moramora ary tsakoina tsara ny sakafo vao atelina
aretin-tsakafo,Mandoa aorian'ny fisotroana fanafody sasany,Fanaraha-maso dokotera,Antiacide : raha ilaina,Misotroa fanafody aorian'ny sakafo raha azo atao ary miresaka amin'ny dokotera
diabeta,Mangetaheta foana na dia efa nisotro rano betsaka aza ary matetika mivay indrindra amin'ny alina ka manelingelina ny torimaso,Metformine 500 mg : 2x/andro (maraina-hariva) isan'andro,Glibenclamide : 1x/andro (maraina) alohan'ny sakafo,Mampihena ny siramamy sy ny sakafo mamy ary manao fanatanjahan-tena isan'andro
diabeta,Mangidihidy ny hoditra indrindra ny tanana sy ny tongotra ka misy toerana maizina sy maina,Glibenclamide : 1x/andro (maraina),Metformine : 2x/andro (maraina-hariva),Mampias� cr�me hamandoana isan'andro ary jereo matetika ny hoditra
diabeta,Maintsy ny masoko ka tsy mahita mazava tsara na inona na inona na dia manao solomaso aza,Fanaraha-maso siramamy ao amin'ny ra,Insuline : araka ny torohevitry ny dokotera,Manao fitiliana ny maso isan-taona raha misy diabeta
diabeta,Misy fery eo amin'ny tongotra tsy sitrana ela ka mihamalalaka,Fanadiovana fery : 2x/andro,Antibiotika : raha ilaina,Jereo ny tongotra isan'andro ary mampiasa kiraro mifanaraka tsara
diabeta,Very lanja nefa tsy mihinana be ary matetika mangetaheta,Metformine : 2x/andro (maraina-hariva),Insuline : raha ilaina,Manao fitiliana siramamy ao amin'ny ra isan'andro ary mihinana ara-potoana
diabeta,Mahatsiaro ho reraka be na dia tsy nanao asa mavesatra aza,Metformine : 2x/andro (maraina-hariva),Vitamine B12 : 1x/andro (maraina),Mihin� sakafo manankarena fibre ary miala sasatra tsara
diabeta,Mangovitra sy malemy vatana rehefa mosarena loatra,Glucose gel : raha ilaina (raha ambany loatra ny siramamy),Mihinana sakafo misy siramamy avy hatrany,Mitondra siramamy kely na mamy foana raha mety ho ambany ny siramamy
fiakaran'ny tosi-dra,Miakatra ny tosidra ka marary loha mafy ary mihodinkodina ny maso indrindra rehefa mitsangana,Amlodipine 5 mg : 1x/andro (maraina) isan'andro tsy tapaka,Lisinopril : 1x/andro (maraina) isan'andro tsy tapaka,Mampihena ny sira amin'ny sakafo ary misotro rano madio betsaka
fiakaran'ny tosi-dra,Mangorakoraka ny sofiko ary mahatsiaro ho very hevitra miaraka amin'ny tosidra avo sy fivalozana,Hydrochlorothiazide : 1x/andro (maraina) isan'andro tsy tapaka,Losartan : 1x/andro (maraina) isan'andro,Manao fanatanjahan-tena maivana isan'andro toy ny mandeha an-tongotra
fiakaran'ny tosi-dra,Misy r� mivoaka avy amin'ny orona tsy misy antony raha miakatra ny tosidra,Nif�dipine : 1x/andro (maraina),Amlodipine : 1x/andro (maraina),Miala sasatra ary miondrika mandroso ny loha raha misy r� mivoaka
fiakaran'ny tosi-dra,Mahatsiaro ho marenina sy mavesatra ny loha,Amlodipine : 1x/andro (maraina),Lisinopril : 1x/andro (maraina),Misotroa dite maitso tsy misy siramamy ary mampihena ny kafeinina
fiakaran'ny tosi-dra,Tsy mahita tory noho ny aretin-doha vokatry ny tosidra avo,Losartan : 1x/andro (maraina),Hydrochlorothiazide : 1x/andro (maraina),Matory amin'ny ora mitovy isan'alina ary aza mihinana sakafo mavesatra alohan'ny hatory
tazomoka,Mangovitra sy mafana miovaova ny vatako ka miova isaky ny adiny roa na telo miaraka amin'ny hatsiaka be,Parac�tamol : 3x/andro (maraina-midi-hariva) mandritra ny 5 andro,Art�sunate : 1x/andro mandritra ny 3 andro,Mampias� moka rota rehefa matory ary manala ny rano mijanon-janona manodidina ny trano
tazomoka,Mangidihidy ny vatako sy tazo ary reraka ka tsy mahazaka hazavana mamirapiratra na feo mafy,Art�m�ther-lum�fantrine : 2x/andro (maraina-hariva) mandritra ny 3 andro,Parac�tamol : raha misy tazo,Matory amin'ny efitra mangina sy maizina ary mampiasa lamba madio
tazomoka,Mandoa sy mivalana miaraka amin'ny tazo sy ny mangovitra,Parac�tamol : 3x/andro (maraina-midi-hariva),ORS : isaky ny mikoriana,Misotroa ORS betsaka mba tsy ho ritra rano
tazomoka,Misy tazo miaraka amin'ny aretin-doha mafy sy ny fanaintainan'ny hozatra,Art�sunate : 1x/andro mandritra ny 3 andro,Parac�tamol : 3x/andro,Miala sasatra ary aza mivoaka mandritra ny tazo
tazomoka,Efa vita ny fitsaboana nefa mbola misy tazo indray,Fanaraha-maso dokotera haingana,Fanafody manokana aorian'ny fitsapana,Mandeha any amin'ny toeram-pahasalamana haingana satria mety ho tazomoka mahatohitra fanafody
tazo,Mafana be ny vatako ka 39�C na mihoatra ary mangovitra tsy mitsahatra miaraka amin'ny hatsiaka,Parac�tamol 500 mg : 3x/andro (maraina-midi-hariva) mandritra ny 3 andro,Ibuprof�ne 400 mg : 2x/andro (maraina-hariva),Misotroa rano betsaka ary mampiasa lamba mando eo amin'ny handrina
tazo,Misy tazo miaraka amin'ny kohaka sy ranon'orona ary sempotra kely rehefa mihetsika,Parac�tamol : 3x/andro (maraina-midi-hariva),Sirop kohaka : 3x/andro (maraina-midi-hariva),Miala sasatra ary mihinana lasopy mafana misy tongolo sy akoho
tazo,Misy tazo nefa tsy mihoatra ny 38�C fa maharitra mihoatra ny 3 andro,Fanaraha-maso dokotera,Parac�tamol : raha ilaina,Manao fitiliana ra mba hahitana ny antony marina
tazo,Misy tazo miaraka amin'ny fivontosan'ny tenda sy fahasarotana mitelina,Amoxicilline : 2x/andro (maraina-hariva) mandritra ny 5 andro,Parac�tamol : 3x/andro,Misotroa rano mafana misy tantely ary miala sasatra
tazo,Tazo vokatry ny vaksiny vao vita,Parac�tamol : 3x/andro (maraina-midi-hariva) mandritra ny 2 andro,Ibuprof�ne : raha ilaina,Misotroa rano betsaka ary mampiasa lamba mando eo amin'ny toerana nanaovana vaksiny
kohaka,Mikohaka maina tsy misy ranona indrindra amin'ny alina ka tsy mahita tory sy maharary tratra,Dextrom�thorphane : 3x/andro (maraina-midi-hariva) mandritra ny 5 andro,Honey sirop : 2x/andro (maraina-hariva),Misotroa ranon-tanana mafana misy tantely sy voasarimakirana
kohaka,Mikohaka misy ranona mavo na maitso ary marary tratra rehefa mikohaka ka mamoaka fofona ratsy,Amoxicilline : 2x/andro (maraina-hariva) mandritra ny 7 andro,Bromhexine : 3x/andro (maraina-midi-hariva),Misotroa rano betsaka ary mampiasa sirop kohaka manify ny ranona
kohaka,Efa telo herinandro no mikohaka fa tsy mbola sitrana na inona na inona na dia nisotro fanafody aza,Fanaraha-maso dokotera,Fanafody manokana aorian'ny fitsapana,Manao fitiliana raha misy allergy na asthma
kohaka,Mikohaka miaraka amin'ny sempotra sy ny feo mitsioka rehefa miaina,Salbutamol inhaler : 2x/andro (maraina-hariva) mandritra ny 5 andro,Cortico�de inhaler : 1x/andro (hariva),Fadio ny vovoka sy ny zavatra mety mahatonga ny allergy
kohaka,Mikohaka aorian'ny fihomehezana na fanaovana exercice mafy,Salbutamol inhaler : raha ilaina alohan'ny exercice,Manao fanafanana vatana alohan'ny hanaovana exercice
kohaka,Mikohaka vokatry ny vovoka na ny loto ao an-trano,C�tirizine : 1x/andro (hariva) mandritra ny 5 andro,Sirop kohaka : raha ilaina,Diova tsara ny trano ary mampiasa mpanadio rivotra
aretin-pivalanana,Mikoriana toy ny rano intelo ambin'ny folo isan'andro ka ritra rano ny vatana sy malemy hatramin'ny tongotra,ORS : isaky ny mikoriana,Lop�ramide : 2x/andro (maraina-hariva) mandritra ny 2 andro,Misotroa ORS betsaka ary mihinana vary fotsy sy akoho tsy misy tavy
aretin-pivalanana,Mivalana misy ra sy marary kibo mafy ka tsy mahitsy ny vatana ary misy tazo,Consultation dokotera maika,Antibiotika : 2x/andro (maraina-hariva) mandritra ny 7 andro,Mandeha any amin'ny toeram-pahasalamana haingana satria mety ho aretina mafy izany
aretin-pivalanana,Mivalana aorian'ny nisakafo any ivelany ka mety ho voan'ny sakafo efa lany sy ny rano tsy madio,Charbon actif : 3x/andro (maraina-midi-hariva) mandritra ny 2 andro,ORS : raha ilaina,Mahandro tsara ny sakafo ary misafidy toerana madio hisakafoana
aretin-pivalanana,Mivalana vokatry ny fanafody antibiotika,Probiotika : 2x/andro (maraina-hariva) mandritra ny 1 volana,ORS : raha ilaina,Misotroa yaourt na kefir isan'andro mandritra ny fitsaboana
aretin-pivalanana,Mivalana miaraka amin'ny fivalozana sy ny marary vatana,Parac�tamol : 3x/andro (maraina-midi-hariva) mandritra ny 2 andro,ORS : isaky ny mikoriana,Miala sasatra ary aza mihinana sakafo mavesatra
aretin-pivalanana,Mivalana maharitra mihoatra ny 5 andro ka tsy sitrana,Fanaraha-maso dokotera,Fanafody manokana aorian'ny fitsapana,Manao fitiliana ny tsinay mba hahitana ny antony marina
fanaintainan-damosina,Mangirifirifa ny lamosiko ambany ka tsy mahatsinjo mivantana na miondrika ary mipaka any amin'ny tongotra,Diclof�nac : 2x/andro (maraina-hariva) mandritra ny 5 andro,Parac�tamol : 3x/andro (maraina-midi-hariva),Manamafy ny hozatry ny lamosina amin'ny fanatanjahan-tena toy ny yogo na faninjiana
fanaintainan-damosina,Marary ny lamosiko aorian'ny asa mavesatra ka tsy afaka miondrika na mitondra zavatra na dia maivana aza,Ibuprof�ne 600 mg : 2x/andro (maraina-hariva) mandritra ny 5 andro,Cortisone : 1x/andro (maraina) mandritra ny 5 andro,Miala sasatra ary asio ranomandry eo amin'ny lamosina mandritra ny 15 minitra
fanaintainan-damosina,Mipaka any amin'ny tongotra ny fanaintainana toy ny mandeha amin'ny herinaratra manomboka amin'ny lamosina ambany ka hatrany amin'ny rantsan-tongotra,Carbamaz�pine : 2x/andro (maraina-hariva) mandritra ny 2 volana,Gabapentine : 3x/andro (maraina-midi-hariva),Manao faninjiana malefaka isan'andro ary aza mipetraka ela
fanaintainan-damosina,Marary ny lamosina ambony eo anelanelan'ny soroka,Diclof�nac : 2x/andro (maraina-hariva) mandritra ny 5 andro,Parac�tamol : raha ilaina,Manitsy ny fipetrahan'ny vatana rehefa mipetraka na mijoro
fanaintainan-damosina,Mangirifirifa ny lamosina rehefa mitsangana ela na mandeha lavitra,Ibuprof�ne : 2x/andro (maraina-hariva) mandritra ny 3 andro,Parac�tamol : raha ilaina,Mampiasa kiraro malefaka sy manohana ny lamosina
fanaintainan-damosina,Marary ny lamosina vokatry ny fatorana amin'ny kidoro malefaka loatra,Diclof�nac : 2x/andro (maraina-hariva) mandritra ny 3 andro,Matory amin'ny kidoro mafy sy ondana mifanaraka amin'ny tendany
marenina,Tsy maheno tsara ny sofiko ka toy ny misy rano na zavatra manakona ao anatiny aorian'ny fandroana,Fanadiovana sofina : 1x/andro mandritra ny 3 andro,Tsindrona sofina : 2x/andro (maraina-hariva) mandritra ny 5 andro,Maina tsara ny sofina rehefa avy nandro ary azo miditra rano ao anatiny
marenina,Misy feo mikotrokotroka tsy mitsahatra ao an-tsoriko indrindra rehefa mangina ny manodidina ka tsy mahita tory,Ginkgo biloba : 2x/andro (maraina-hariva) mandritra ny 1 volana,Vitamine B12 : 1x/andro (maraina),Mampihena ny kafeinina sy ny sira ary miala sasatra tsara
marenina,Misy fery na fanaintainana ao an-tsoriko miaraka amin'ny fivoahan'ny rano,Tsindrona sofina antibiotika : 3x/andro (maraina-midi-hariva) mandritra ny 7 andro,Parac�tamol : raha ilaina,Mandeha any amin'ny dokotera raha tsy sitrana rehefa afaka 3 andro
marenina,Tsy maheno tsara ny sofiko rehefa misy olona miteny amiko avy any aoriana,Fanaraha-maso dokotera,Fanafody manokana aorian'ny fitsapana,Manao fitiliana ny sofina mba hahitana raha misy olana amin'ny voambolan'ny sofina
aretin-kozatra,Mangidihidy ny vatako sy ny masony ary misy mena mena miparitaka rehefa mihinana voanjo na atody,C�tirizine : 1x/andro (hariva) mandritra ny 5 andro,Loratadine : 1x/andro (maraina),Fantaro izay sakafo mahatonga an'izany ary fadio tanteraka
aretin-kozatra,Mivonto ny molotro sy ny lelako ary mahasempotra rehefa manaikitra bibikely na mihinana zavatra sasany,Adr�naline auto-injecteur : raha ilaina maika,Antihistaminique : 1x/andro (hariva),Mitondra fanafody antihistaminique foana raha fantatrao fa manana allergy mafy ianao
aretin-kozatra,Misy fery eo amin'ny hoditra rehefa mikasika metaly na plastika sasany,Cr�me cortisone : 2x/andro (maraina-hariva) mandritra ny 7 andro,Antihistaminique : raha ilaina,Fadio ny mikasika zavatra mety mahatonga ny allergy ary mampiasa fonon-tanana
aretin-kozatra,Mangidihidy ny vatana aorian'ny fihinanana voankazo sasany toy ny manga na papay,C�tirizine : 1x/andro (hariva),Loratadine : 1x/andro (maraina),Mihinana voankazo masaka tsara ary sasana tsara alohan'ny hihinanana
aretin-kozatra,Mangidihidy ny hoditra rehefa tratran'ny tara-masoandro,Antihistaminique : 1x/andro (maraina),Cr�me cortisone : 2x/andro (maraina-hariva),Mampiasa cr�me miaro amin'ny tara-masoandro (SPF 50) rehefa mivoaka
aretin-tsaina,Tsy mahita tory mandritra ny herinandro maro ka reraka be ny vatana ary mitebiteby,Zolpidem : 1x/andro (hariva) mandritra ny 10 andro,M�latonine : 1x/andro (hariva),Aza mampiasa telefaona na efijery 1 ora alohan'ny hatory ary manao torimaso amin'ny ora mitovy isan'alina
aretin-tsaina,Mitebiteby loatra ka mikitroka ny foko sy mivalana ary tsy mahazo aina,Diaz�pam : 2x/andro (maraina-hariva) mandritra ny 5 andro,Parox�tine : 1x/andro (maraina) mandritra ny 3 volana,Manao fandinihana lalina (respiration profonde) isaky ny mahatsapa ho mitebiteby
aretin-tsaina,Very herim-po sy tsy tia mihinana na miresaka olona mandritra ny volana maro,Sertraline : 1x/andro (maraina) mandritra ny 3 volana,Psychoth�rapie : isan-kerinandro,Miresaka amin'ny olona akaiky na mpitsabo ary manao fanatanjahan-tena maivana isan'andro
aretin-tsaina,Mahatsiaro ho very hevitra sy tsy mahatsiaro zavatra tsara,Psychoth�rapie : isan-kerinandro,Vitamine B12 : 1x/andro (maraina),Manoratra diary isan'andro mba hanampy ny fahatsiarovana
aretin-tsaina,Mahatsiaro ho reraka be na dia tsy nanao asa mavesatra aza,Psychoth�rapie,Vitamine D : 1x/andro (maraina),Manao exercice maivana toy ny mandeha an-tongotra 30 minitra isan'andro
aretin-tsaina,Misy hevitra ratsy momba ny tena ka tsy mahazo aina,Psychoth�rapie,Sertraline : 1x/andro (maraina),Miresaka amin'ny olona itokisana ary manao zavatra mahafaly
fiakaran'ny kolesterola,Misy tavy mipoitra eo amin'ny hoditra manodidina ny maso sy ny tanana,Atorvastatine : 1x/andro (hariva) isan'andro tsy tapaka,Rosuvastatine : 1x/andro (hariva),Mihin� legioma sy voankazo betsaka ary aza mihinana sakafo matavy be
fiakaran'ny kolesterola,Misy fanaintainana eo amin'ny tratra rehefa mihetsika vokatry ny tavy mipetaka ao amin'ny lalan-dra,Atorvastatine : 1x/andro (hariva),Aspirine : 1x/andro (hariva),Manao fanatanjahan-tena isan'andro ary mihinana sakafo manankarena fibre
aretin-urinaire,Mivay matetika indrindra amin'ny alina ka may rehefa mivay ary misy ranony kely,Fosfomycine : indray mandeha,Ciprofloxacine : 2x/andro (maraina-hariva) mandritra ny 3 andro,Misotroa rano betsaka isan'andro ary aza mifehy ny fivay rehefa mahatsapa ho voan'ny fivay
aretin-urinaire,Misy ra ao amin'ny urine ka mena ny lokony nefa tsy marary,Fanaraha-maso dokotera,Antibiotika : raha ilaina,Manao fitiliana ny urine mba hahitana raha misy otrikaretina
aretin-urinaire,Mivay tampoka ka tsy mahafehy ny fivay,Anticholinergique : 1x/andro (maraina),Physioth�rapie pelvienne : isan-kerinandro,Manao exercice ho an'ny hozatry ny pelvienne toy ny Kegel isan'andro
aretin-urinaire,Misy fery eo amin'ny faritra misy ny fivay ka marary rehefa mivay,Fanaraha-maso dokotera,Antibiotika : 2x/andro (maraina-hariva) mandritra ny 5 andro,Misotroa ranon-javatra betsaka ary aza mampiasa savony manitra
aretin-nosy,Mihodinkodina ny manodidina ka tsy mahazo mitsangana na mandeha,Meclizine : 2x/andro (maraina-hariva) mandritra ny 3 andro,B�tahistine : 2x/andro (maraina-hariva),Mitsangana miadana ary mitazona zavatra mafy rehefa mahatsapa ho very hevitra
aretin-nosy,Misy fahatsapana ho toy ny misy sambo mandeha ao an-doha ka mivalozana,B�tahistine : 2x/andro (maraina-hariva),Meclizine : raha ilaina,Matory amin'ny toerana maizina sy mangina ary aza mijery efijery
aretin-nosy,Miverimberina ny aretin'ny nosy isaky ny mihetsika ny loha,B�tahistine : 2x/andro (maraina-hariva) mandritra ny 1 volana,Physioth�rapie vestibulaire : isan-kerinandro,Manao exercice ho an'ny voambolan'ny sofina araka ny torohevitry ny dokotera
aretin-nosy,Mahatsiaro ho very hevitra sy malemy tongotra rehefa mitsangana avy amin'ny fipetrahana,Meclizine : 1x/andro (maraina) mandritra ny 3 andro,B�tahistine : 2x/andro (maraina-hariva),Mitsangana miadana ary misambotra zavatra mafy
aretin-nosy,Misy fahatsapana ho toy ny mihodina ny tany rehefa mandry,Meclizine : 1x/andro (hariva) mandritra ny 5 andro,B�tahistine : 2x/andro (maraina-hariva),Matory amin'ny toerana maizina sy mangina
aretin-tenda,Mangirifirifa ny tendako rehefa mitelina na miteny,Parac�tamol : 3x/andro (maraina-midi-hariva) mandritra ny 3 andro,Ibuprof�ne : 2x/andro (maraina-hariva),Misotroa rano mafana misy tantely sy voasarimakirana
aretin-tenda,Mivonto ny tendako ka misy teboka fotsy eo amin'ny ambo- tenda,Amoxicilline : 2x/andro (maraina-hariva) mandritra ny 5 andro,Parac�tamol : 3x/andro,Misotroa ranon-javatra mafana ary miala sasatra
aretin-tenda,Misy feo mikiririka rehefa miteny ary marary tenda,Diclof�nac : 2x/andro (maraina-hariva) mandritra ny 3 andro,Parac�tamol : raha ilaina,Miresaka moramora ary aza mikiakiaka
aretin-tenda,Mahatsiaro ho maina ny tenda ka mangidihidy,C�tirizine : 1x/andro (hariva) mandritra ny 3 andro,Sirop kohaka : raha ilaina,Misotroa rano betsaka ary mampiasa humidificateur
aretin-tenda,Misy fery eo amin'ny tenda ka maharary mafy rehefa mitelina,Fanaraha-maso dokotera,Antibiotika : 2x/andro (maraina-hariva) mandritra ny 5 andro,Mihinana sakafo malefaka toy ny vary sosoa
aretin-tenda,Nisy fandidiana nanaovana ny tenda ka mbola marary,Parac�tamol : 3x/andro (maraina-midi-hariva) mandritra ny 3 andro,Ibuprof�ne : raha ilaina,Miala sasatra ary aza miteny be loatra
aretin-tsinay (olona antitra),Mivalana matetika indrindra rehefa misotro ronono,ORS : isaky ny mikoriana,Lactase : alohan'ny hisakafo ronono,Misotroa ronono tsy misy lactose
aretin-tsinay (olona antitra),Mivalana vokatry ny fanafody kalsioma,ORS : isaky ny mikoriana,Probiotika : 1x/andro (maraina),Misotroa fanafody kalsioma aorian'ny sakafo
aretin-tsinay (olona antitra),Tsy mivalana mandritra ny 4 andro ka mivonto ny kibo,Lactulose : 2x/andro (maraina-hariva) mandritra ny 3 andro,Suppositoire glycerine : indray mandeha,Misotroa rano betsaka ary mihinana legioma
aretin-tsinay (olona antitra),Mivalana sy malemy vatana vokatry ny tsy fahampian-tsakafo,ORS : isaky ny mikoriana,Fanampin-tsakafo : 2x/andro (maraina-hariva),Mihinana sakafo malefaka sy be otrikaina
aretin-tsinay (olona antitra),Mivalana miaraka amin'ny r� vokatry ny fery ao an-tsinay,Fanaraha-maso dokotera haingana,Fanafody manokana aorian'ny fitsapana,Mandeha any amin'ny toeram-pahasalamana haingana
aretim-po (olona antitra),Mikitokitoka ny foko rehefa manao asa maivana,B�ta-bl�kanina : 1x/andro (maraina) isan'andro tsy tapaka,Amiodarone : 1x/andro (hariva),Miala sasatra ary aza manao asa mavesatra
aretim-po (olona antitra),Mivonto ny tongotro ka mahasakana ny fandehanana,Furos�mide : 1x/andro (maraina) mandritra ny 5 andro,Spironolactone : 1x/andro (maraina),Manandratra ny tongotra rehefa mipetraka
aretim-po (olona antitra),Sempotra rehefa mipetraka na mandry,Furos�mide : 1x/andro (maraina),Digoxine : 1x/andro (maraina),Matory amin'ny toerana misy ondana roa
aretim-po (olona antitra),Mangorakoraka ny sofiko miaraka amin'ny aretin-doha,Losartan : 1x/andro (maraina) isan'andro tsy tapaka,Amlodipine : 1x/andro (maraina),Mampihena ny sira amin'ny sakafo
aretim-po (olona antitra),Marary ny tratra rehefa mihetsika ka mihatsara rehefa miala sasatra,Trinitrine : raha ilaina,Aspirine : 1x/andro (hariva),Mitondra fanafody Trinitrine foana
diabeta (olona antitra),Mangetaheta foana nefa tsy misy siramamy be loatra,Fanaraha-maso dokotera,Metformine : 2x/andro (maraina-hariva),Misotroa rano araka ny torohevitry ny dokotera
diabeta (olona antitra),Maintsy ny maso ka tsy mahita mamaky teny,Insuline : araka ny torohevitry ny dokotera,Fanaraha-maso dokotera,Manao fitiliana maso isan-taona
diabeta (olona antitra),Misy fery eo amin'ny tongotra fa tsy sitrana,Fanadiovana fery : 2x/andro (maraina-hariva),Antibiotika : raha ilaina,Jereo ny tongotra isan'andro ary mampiasa kiraro malefaka
diabeta (olona antitra),Mangovitra sy malemy vatana noho ny siramamy ambany (hypoglyc�mie),Glucose gel : raha ilaina,Mihinana siramamy avy hatrany,Mitondra siramamy kely foana
diabeta (olona antitra),Very lanja nefa tsy mihinana be ary matetika mangetaheta,Metformine : 2x/andro (maraina-hariva),Insuline : raha ilaina,Manao fitiliana siramamy isan'andro
fiakaran'ny tosi-dra (olona antitra),Mihodinkodina rehefa mitsangana avy amin'ny fipetrahana (hypotension orthostatique),Fludrocortisone : 1x/andro (maraina),Midodrine : 2x/andro (maraina-midi),Mitsangana miadana ary misambotra zavatra mafy
fiakaran'ny tosi-dra (olona antitra),Matory tsy mahazo aina noho ny fivay matetika amin'ny alina,Tamsulosine : 1x/andro (hariva) mandritra ny 1 volana,Dutasteride : 1x/andro (maraina),Aza misotro rano be 2 ora alohan'ny hatory
fiakaran'ny tosi-dra (olona antitra),Mangorakoraka ny sofiko sy very hevitra,Eg�rine : 1x/andro (maraina),B�tahistine : 2x/andro (maraina-hariva),Mitsangana miadana ary mampiasa tohana
aretin-urinaire (olona antitra),Mivay matetika indrindra amin'ny alina ka tsy mahita tory,Tamsulosine : 1x/andro (hariva) mandritra ny 1 volana,Fosfomycine : raha misy otrikaretina,Aza misotro rano be 2 ora alohan'ny hatory
aretin-urinaire (olona antitra),Misy ra ao amin'ny urine nefa tsy marary,Fanaraha-maso dokotera,Antibiotika : raha ilaina,Manao fitiliana ny urine sy ny prostate
aretin-urinaire (olona antitra),Mivay tampoka ka tsy mahafehy ny fivay,Anticholinergique : 1x/andro (maraina),Physioth�rapie pelvienne,Manao exercice Kegel isan'andro
aretin-urinaire (olona antitra),Misy fery eo amin'ny faritra misy ny fivay ka marary rehefa mivay,Fanaraha-maso dokotera,Antibiotika : 2x/andro (maraina-hariva) mandritra ny 5 andro,Misotroa ranon-javatra betsaka
aretin-urinaire (olona antitra),Mivay miaraka amin'ny may sy fahatsapana ho tsy feno ny fivay,Fosfomycine : indray mandeha,Ciprofloxacine : 2x/andro (maraina-hariva) mandritra ny 3 andro,Misotroa ranon-javatra betsaka isan'andro
aretin-tsaina (olona antitra),Manao zavatra hadino matetika toy ny mametraka fanalahidy tsy hitany,Donepezil : 1x/andro (hariva) mandritra ny 3 volana,M�mantine : 1x/andro (maraina),Manao asa fanatsarana ny saina toy ny mamaky boky
aretin-tsaina (olona antitra),Very lalana na dia tany mety tsara aza,Fanaraha-maso dokotera,Donepezil : 1x/andro (hariva),Mampiasa bracelet misy anarana sy adiresy
aretin-tsaina (olona antitra),Miova tampoka ny toe-tsaina ka lasa masiaka na matahotra,Qu�tiapine : 1x/andro (hariva) araka ny torohevitry ny dokotera,Risperidone : 1x/andro (hariva),Mampitony ny olona ary mitady fanampiana avy amin'ny dokotera
aretin-tsaina (olona antitra),Tsy mahita tory mandritra ny alina fa matory amin'ny antoandro,Melatonine : 1x/andro (hariva),Zolpidem : 1x/andro (hariva) mandritra ny 10 andro,Mampiseho hazavana amin'ny antoandro ary manao hetsika
aretin-tsaina (olona antitra),Miteny zavatra tsy misy dikany na tsy marina,Fanaraha-maso dokotera,Risperidone : 1x/andro (hariva),Miresaka moramora ary aza miady hevitra
aretin-tratra (olona antitra),Mikohaka misy ranona mavo sy sempotra vokatry ny pnemonia,Amoxicilline : 2x/andro (maraina-hariva) mandritra ny 7 andro,Parac�tamol : raha misy tazo,Miala sasatra ary mampiasa humidificateur
aretin-tratra (olona antitra),Mikohaka maina maharitra mihoatra ny 3 herinandro,Fanaraha-maso dokotera,Fanafody manokana aorian'ny fitsapana,Manao fitiliana havokavoka
aretin-tratra (olona antitra),Sempotra rehefa mandeha na miteny,Salbutamol inhaler : 2x/andro (maraina-hariva),Cortico�de inhaler : 1x/andro (hariva),Miala sasatra ary aza mifoka sigara
aretin-tratra (olona antitra),Misy feo mitsioka rehefa miaina indrindra amin'ny alina,Salbutamol inhaler : raha ilaina,Fanaraha-maso dokotera,Mampiasa humidificateur ao amin'ny efitra
aretin-tratra (olona antitra),Marary tratra rehefa miaina lalina vokatry ny fery ao amin'ny havokavoka,Fanaraha-maso dokotera haingana,Fanafody manokana aorian'ny fitsapana,Mandeha any amin'ny toeram-pahasalamana haingana
aretin-kibo (olona antitra),Marary kibo aorian'ny fisakafoana vokatry ny fery ao an-kibo,Om�prazole : 1x/andro (maraina) mandritra ny 4 herinandro,Antiacide : raha ilaina,Mihinana sakafo kely matetika fa tsy be indray mipetaka
aretin-kibo (olona antitra),Mivonto ny kibo sy misento vokatry ny fitohanana,Lactulose : 2x/andro (maraina-hariva) mandritra ny 5 andro,Suppositoire glycerine : raha ilaina,Mihinana legioma sy voankazo betsaka
aretin-kibo (olona antitra),Mandoa aorian'ny fisotroana fanafody fanaintainana,Om�prazole : 1x/andro (maraina) mandritra ny 2 herinandro,Antiacide : raha ilaina,Misotroa fanafody aorian'ny sakafo
aretin-kibo (olona antitra),Mangirifirifa ny kibo ambany vokatry ny fery ao amin'ny tsinay,M�b�v�rine : 2x/andro (maraina-hariva) mandritra ny 1 volana,Phloroglucinol : 3x/andro (maraina-midi-hariva),Mihinana sakafo malefaka sy tsy maranitra
aretin-kibo (olona antitra),Misy r� ao amin'ny fivalanana miaraka amin'ny fivalozana,Fanaraha-maso dokotera haingana,Fanafody manokana aorian'ny fitsapana,Mandeha any amin'ny toeram-pahasalamana haingana
aretin-kozatra (olona antitra),Mangidihidy ny vatana vokatry ny maina ny hoditra,Cr�me hamandoana : 3x/andro (maraina-midi-hariva),C�tirizine : 1x/andro (hariva),Mampiasa humidificateur ao an-trano
aretin-kozatra (olona antitra),Misy mena mena eo amin'ny hoditra vokatry ny fanafody sasany,Fanaraha-maso dokotera,Cortisone cr�me : 2x/andro (maraina-hariva),Mampiasa fanafody hafa raha azo atao
aretin-kozatra (olona antitra),Mangidihidy ny hoditra eo amin'ny lamosina sy ny kibo,Antihistaminique : 1x/andro (hariva),Cr�me cortisone : 2x/andro (maraina-hariva),Mampiasa savony malefaka tsy misy fofona
aretin-kozatra (olona antitra),Mivonto ny molotra sy ny masony rehefa mihinana voanjo,Fanaraha-maso dokotera,Adr�naline auto-injecteur : raha ilaina,Fadio tanteraka ny voanjo sy ny vokatra avy aminy
aretin-kozatra (olona antitra),Misy fery eo amin'ny hoditra rehefa tratran'ny tara-masoandro,Cr�me cortisone : 2x/andro (maraina-hariva) mandritra ny 5 andro,Antihistaminique : raha ilaina,Mampiasa cr�me miaro amin'ny tara-masoandro (SPF 50)
aretin-tongotra (olona antitra),Mangirifirifa ny lohaliko rehefa mitsangana vokatry ny arthritis,Diclof�nac : 2x/andro (maraina-hariva) mandritra ny 7 andro,Parac�tamol : raha ilaina,Manao fanatanjahan-tena maivana toy ny milomano
aretin-tongotra (olona antitra),Mivonto ny kitrokely sy ny tongotra vokatry ny rano mitazona,Furos�mide : 1x/andro (maraina) mandritra ny 5 andro,Spironolactone : 1x/andro (maraina),Manandratra ny tongotra rehefa mipetraka
aretin-tongotra (olona antitra),Misy fery eo amin'ny tongotra vokatry ny diabeta,Fanadiovana fery : 2x/andro (maraina-hariva),Antibiotika : raha ilaina,Jereo ny tongotra isan'andro ary mampiasa kiraro malefaka
aretin-tongotra (olona antitra),Mangirifirifa ny tongotra amin'ny alina vokatry ny tsy fahampian'ny potassium,Potassium : 1x/andro (maraina) mandritra ny 1 volana,Magn�sium : 1x/andro (hariva),Mihinana akondro sy ovy betsaka
aretin-tongotra (olona antitra),Mikitroka ny tongotra rehefa mandry,Magn�sium : 1x/andro (hariva) mandritra ny 1 volana,Quinine : 1x/andro (hariva) mandritra ny 7 andro,Maninjitra ny tongotra alohan'ny hatory
aretin-tanana (olona antitra),Mangovitra ny tanana rehefa mitazona zavatra,Propranolol : 1x/andro (maraina) mandritra ny 1 volana,Vitamine B12 : 1x/andro (maraina),Mampiasa lovia sy kaopy tsy mora vaky
aretin-tanana (olona antitra),Marary ny rantsan-tanana vokatry ny arthritis,Diclof�nac gel : 3x/andro (maraina-midi-hariva),Parac�tamol : raha ilaina,Manao faninjiana malefaka isan'andro
aretin-tanana (olona antitra),Misy fivontosana eo amin'ny hato-tanana ka tsy afaka manetsika tsara,Cortisone injection : indray mandeha,Diclof�nac : 2x/andro (maraina-hariva),Miala sasatra ary aza mampiasa tanana loatra
aretin-tanana (olona antitra),Mangirifirifa ny tanana manomboka amin'ny soroka ka hatrany amin'ny rantsan-tanana,Gabapentine : 1x/andro (hariva) mandritra ny 1 volana,Carbamaz�pine : 2x/andro (maraina-hariva),Manao faninjiana malefaka isan'andro
aretin-tanana (olona antitra),Misy fahatsapana ho toy ny misy antsantsa manindry ny tanana,Physioth�rapie : isan-kerinandro,Gabapentine : 1x/andro (hariva),Miala sasatra ary aza manao asa miverimberina
aretin-tsakafo (olona antitra),Mandoa aorian'ny fisakafoana vokatry ny fery ao an-kibo,Om�prazole : 1x/andro (maraina) mandritra ny 4 herinandro,Antiacide : raha ilaina,Mihinana sakafo kely matetika
aretin-tsakafo (olona antitra),Tsy mahazaka sakafo matavy ka mandoa,Domp�ridone : 3x/andro (maraina-midi-hariva) alohan'ny sakafo,Om�prazole : 1x/andro (maraina),Fadio ny sakafo matavy sy nendasina
aretin-tsakafo (olona antitra),Mandoa vokatry ny fanafody fanaintainana,Antiacide : raha ilaina,Om�prazole : 1x/andro (maraina) mandritra ny 2 herinandro,Misotroa fanafody aorian'ny sakafo
aretin-tsakafo (olona antitra),Mahatsiaro ho voky loatra na dia vao nihinana kely aza,M�toclopramide : 3x/andro (maraina-midi-hariva) alohan'ny sakafo,Om�prazole : 1x/andro (maraina),Mihinana moramora ary tsakoina tsara ny sakafo
aretin-tsakafo (olona antitra),Mandoa sy mivalana aorian'ny fisakafoana any ivelany,ORS : isaky ny mikoriana,Probiotika : 2x/andro (maraina-hariva) mandritra ny 5 andro,Misafidy toerana madio hisakafoana
aretin-orona (olona antitra),Mitsentsitra orona vokatry ny allergy,C�tirizine : 1x/andro (hariva) mandritra ny 5 andro,D�congestionnant nasal : 2x/andro (maraina-hariva),Diova tsara ny trano ary esory ny vovoka
aretin-orona (olona antitra),Misy r� mivoaka avy amin'ny orona indraindray vokatry ny tosidra avo,Nif�dipine : 1x/andro (maraina),Amlodipine : 1x/andro (maraina),Miondrika mandroso ny loha raha misy r� mivoaka
aretin-orona (olona antitra),Mitsentsitra orona maharitra mihoatra ny 2 herinandro,Fanaraha-maso dokotera,Antibiotika : raha ilaina,Manao fitiliana raha misy otrikaretina
aretin-orona (olona antitra),Misy fofona ratsy avy amin'ny orona,Fanaraha-maso dokotera,Antibiotika : 2x/andro (maraina-hariva) mandritra ny 5 andro,Manasa orona amin'ny serum physiologique
aretin-orona (olona antitra),Tsy mahazo fofonaina amin'ny orona vokatry ny polyps,Cortico�de nasal : 2x/andro (maraina-hariva) mandritra ny 1 volana,Fanaraha-maso dokotera,Mampiasa humidificateur ao an-trano
aretin-tazomoka (olona antitra),Mangovitra sy tazo miaraka amin'ny aretin-doha,Parac�tamol : 3x/andro (maraina-midi-hariva) mandritra ny 5 andro,Art�sunate : 1x/andro mandritra ny 3 andro,Mampiasa moka rota rehefa matory
aretin-tazomoka (olona antitra),Reraka be sy tsy tia mihinana vokatry ny tazo,Art�m�ther-lum�fantrine : 2x/andro (maraina-hariva) mandritra ny 3 andro,Parac�tamol : raha misy tazo,Misotroa rano betsaka mba tsy ho ritra rano
aretin-tazomoka (olona antitra),Mandoa sy mivalana miaraka amin'ny tazo,ORS : isaky ny mikoriana,Parac�tamol : 3x/andro,Misotroa ORS betsaka
aretin-tazomoka (olona antitra),Misy tazo miaraka amin'ny fivalozana (convulsion) amin'ny olona antitra,Fanaraha-maso dokotera haingana,Parac�tamol : raha ilaina,Mampandry amin'ny lafiny iary ary miantso dokotera
aretin-tazomoka (olona antitra),Miverimberina ny tazo na dia vita fitsaboana aza,Fanaraha-maso dokotera,Fanafody manokana aorian'ny fitsapana,Manao fitiliana ra
